variant,Num_diff,Position,Interpretation,Redundant,Example,Common,Accession,cEF_hand_seq,hEF_hand_seq,Concat,Comment
WT,0,NA,ortholog,no,Homo_sapiens,Human,NP_003147.2,LSFEAVRNIHKLMDDDANGDVDVEESDEFLREDLNY,HDPTVKHSTFHGEDKLISVEDLWKAWKSSEVY,LSFEAVRNIHKLMDDDANGDVDVEESDEFLREDLNYHDPTVKHSTFHGEDKLISVEDLWKAWKSSEVY,
E66D,1,66,ortholog,no,Rhinolophus ferrumequinum,Greater Horseshoe bat,XP_032975744.1,LSFDAVRNIHKLMDDDANGDVDVEESDEFLREDLNY,HDPTVKHSTFHGEDKLISVEDLWKAWKSSEVY,LSFDAVRNIHKLMDDDANGDVDVEESDEFLREDLNYHDPTVKHSTFHGEDKLISVEDLWKAWKSSEVY,
R69C,1,69,ortholog,no,Callithrix jacchus,Common marmoset,XP_035115958.2,LSFEAVCNIHKLMDDDANGDVDVEESDEFLREDLNY,HDPTVKHSTFHGEDKLISVEDLWKAWKSSEVY,LSFEAVCNIHKLMDDDANGDVDVEESDEFLREDLNYHDPTVKHSTFHGEDKLISVEDLWKAWKSSEVY,
N70S,1,70,ortholog,no,Trichechus manatus latirostris,Florida Manatee,XP_004381980.1,LSFEAVRSIHKLMDDDANGDVDVEESDEFLREDLNY,HDPTVKHSTFHGEDKLISVEDLWKAWKSSEVY,LSFEAVRSIHKLMDDDANGDVDVEESDEFLREDLNYHDPTVKHSTFHGEDKLISVEDLWKAWKSSEVY,
V103A,1,103,ortholog,no,Propithecus coquereli,Coquerel's sifaka,XP_012501132.1,LSFEAVRNIHKLMDDDANGDVDVEESDEFLREDLNY,HDPTAKHSTFHGEDKLISVEDLWKAWKSSEVY,LSFEAVRNIHKLMDDDANGDVDVEESDEFLREDLNYHDPTAKHSTFHGEDKLISVEDLWKAWKSSEVY,
S106N,1,106,ortholog,no,Perognathus longimembris pacificus,Pacific pocket mouse,XP_048216501.1,LSFEAVRNIHKLMDDDANGDVDVEESDEFLREDLNY,HDPTVKHNTFHGEDKLISVEDLWKAWKSSEVY,LSFEAVRNIHKLMDDDANGDVDVEESDEFLREDLNYHDPTVKHNTFHGEDKLISVEDLWKAWKSSEVY,
E111G,1,111,ortholog,no,Ochotona princeps,American Pika,XP_004589997.1,LSFEAVRNIHKLMDDDANGDVDVEESDEFLREDLNY,HDPTVKHSTFHGGDKLISVEDLWKAWKSSEVY,LSFEAVRNIHKLMDDDANGDVDVEESDEFLREDLNYHDPTVKHSTFHGGDKLISVEDLWKAWKSSEVY,
S126A,1,126,ortholog,no,Rattus_norvegicus,Rat,XP_063123330.1,LSFEAVRNIHKLMDDDANGDVDVEESDEFLREDLNY,HDPTVKHSTFHGEDKLISVEDLWKAWKASEVY,LSFEAVRNIHKLMDDDANGDVDVEESDEFLREDLNYHDPTVKHSTFHGEDKLISVEDLWKAWKASEVY,
"E66D, N70S",2,NA,ortholog,no,Felis_catus,Cat,XP_003992832.1,LSFDAVRSIHKLMDDDANGDVDVEESDEFLREDLNY,HDPTVKHSTFHGEDKLISVEDLWKAWKSSEVY,LSFDAVRSIHKLMDDDANGDVDVEESDEFLREDLNYHDPTVKHSTFHGEDKLISVEDLWKAWKSSEVY,
"E66D, S126A",2,NA,ortholog,no,Hipposideros_Armiger,Great Roundleaf Bat,XP_019481187.1,LSFDAVRNIHKLMDDDANGDVDVEESDEFLREDLNY,HDPTVKHSTFHGEDKLISVEDLWKAWKASEVY,LSFDAVRNIHKLMDDDANGDVDVEESDEFLREDLNYHDPTVKHSTFHGEDKLISVEDLWKAWKASEVY,
"V68I, L74Q, A123S",3,NA,ortholog,no,Mastomys_coucha,Multimammate Mouse,XP_031243539.1,LSFEAIRNIHKQMDDDANGDVDVEESDEFLREDLNY,HDPTVKHSTFHGEDKLISVEDLWKSWKSSEVY,LSFEAIRNIHKQMDDDANGDVDVEESDEFLREDLNYHDPTVKHSTFHGEDKLISVEDLWKSWKSSEVY,
"V68I, L92I, S100A",3,NA,ortholog,no,Acomys_russatus,Golden Spiny Mouse,XP_051005063.1,LSFEAIRNIHKLMDDDANGDVDVEESDEFIREDLNY,HDSTVKHSTFHGEDKLISVEDLWKAWKSSEVY,LSFEAIRNIHKLMDDDANGDVDVEESDEFIREDLNYHDSTVKHSTFHGEDKLISVEDLWKAWKSSEVY,
"E66D, L74Q, S106N",3,NA,ortholog,no,Myotis_myotis,Greater mouse-eared bat,KAF6325787.1,LSFDAVRSIHKLMDDDANGDVDVEESDEFLREDLNY,HDPTVKHNTFHGEDKLISVEDLWKAWKSSEVY,LSFDAVRSIHKLMDDDANGDVDVEESDEFLREDLNYHDPTVKHNTFHGEDKLISVEDLWKAWKSSEVY,
"L74Q, D82N, S126A",3,NA,ortholog,no,Phascolarctos cinereus,Koala,XP_020823315.1,LSFEAVRNIHKQMDDDANGNVDVEESDEFLREDLNY,HDPTVKHSTFHGEDKLISVEDLWKAWKASEVY,LSFEAVRNIHKQMDDDANGNVDVEESDEFLREDLNYHDPTVKHSTFHGEDKLISVEDLWKAWKASEVY,
"L74Q, T102A, A123S, S126A",4,NA,ortholog,no,Ornithorhynchus anatinus,Platypus,XP_028911687.1,LSFEAVRNIHKQMDDDANGDVDVEESDEFLREDLNY,HDPAVKHSTFHGEDKLISVEDLWKSWKASEVY,LSFEAVRNIHKQMDDDANGDVDVEESDEFLREDLNYHDPAVKHSTFHGEDKLISVEDLWKSWKASEVY,
"L74Q, D82N, S126T",3,NA,ortholog,no,Callipepla_squamata,Scaled quail,OXB53344.1,LSFEAVRNIHKQMDDDANGNVDVEESDEFLREDLNY,HDPTVKHSTFHGEDKLISVEDLWKAWKTSEVY,LSFEAVRNIHKQMDDDANGNVDVEESDEFLREDLNYHDPTVKHSTFHGEDKLISVEDLWKAWKTSEVY,
"R69C, L74Q, D82N, S126T",4,NA,ortholog,no,Caretta caretta,Loggerhead Turtle,XP_048693659.1,LSFEAVCNIHKQMDDDANGNVDVEESDEFLREDLNY,HDPTVKHSTFHGEDKLISVEDLWKSWKTSEVY,LSFEAVCNIHKQMDDDANGNVDVEESDEFLREDLNYHDPTVKHSTFHGEDKLISVEDLWKSWKTSEVY,
"L74Q, D82N, T102A, S126T",4,NA,ortholog,no,Hirundo rustica rustica,Barn swallow,RMB89604.1,LSFEAVRNIHKQMDDDANGNVDVEESDEFLREDLNY,HDPAVKHSTFHGEDKLISVEDLWKAWKTSEVY,LSFEAVRNIHKQMDDDANGNVDVEESDEFLREDLNYHDPAVKHSTFHGEDKLISVEDLWKAWKTSEVY,
"R69L, L74Q, L114H, S126A",4,NA,ortholog,no,Rhineura floridana,Florida worm lizard,XP_061485217.1,LSFEAVLNIHKQMDDDANGDVDVEESDEFLREDLNY,HDPTVKHSTFHGEDKHISVEDLWKAWKASEVY,LSFEAVLNIHKQMDDDANGDVDVEESDEFLREDLNYHDPTVKHSTFHGEDKHISVEDLWKAWKASEVY,
"L74Q, T102A, A123S, S126A",4,NA,ortholog,no,Ornithorhynchus anatinus,Snake,XP_028911687.1,LSFEAVRNIHKQMDDDANGDVDVEESDEFLREDLNY,HDPAVKHSTFHGEDKLISVEDLWKSWKASEVY,LSFEAVRNIHKQMDDDANGDVDVEESDEFLREDLNYHDPAVKHSTFHGEDKLISVEDLWKSWKASEVY,
"R69C, L74Q, D82N, A123S, S126T",5,NA,ortholog,no,Chrysemys picta bellii,Painted turtle,XP_008170967.1,LSFEAVCNIHKQMDDDANGNVDVEESDEFLREDLNY,HDPTVKHSTFHGEDKLISVEDLWKSWKTSEVY,LSFEAVCNIHKQMDDDANGNVDVEESDEFLREDLNYHDPTVKHSTFHGEDKLISVEDLWKSWKTSEVY,
"N70S, L74Q, D82N, A123S, S126I",5,NA,ortholog,no,Alligator mississippiensis,American alligator,XP_014464911.1,LSFEAVRSIHKQMDDDANGNVDVEESDEFLREDLNY,HDPTVKHSTFHGEDKLISVEDLWKSWKISEVY,LSFEAVRSIHKQMDDDANGNVDVEESDEFLREDLNYHDPTVKHSTFHGEDKLISVEDLWKSWKISEVY,
"V68I, N70S, L74Q, D82N, V103A",5,NA,ortholog,no,Phrynocephalus forsythii,Toad-headed lizard,KAJ7320199.1,LSFEAIRSIHKQMDDDANGNVDVEESDEFLREDLNY,HDPTAKHSTFHGEDKLISVEDLWKAWKSSEVY,LSFEAIRSIHKQMDDDANGNVDVEESDEFLREDLNYHDPTAKHSTFHGEDKLISVEDLWKAWKSSEVY,
"N70S, L74Q, D82N, V103I, S126A",5,NA,ortholog,no,Python bivittatus,Burmese python,XP_025028315.1,LSFEAVRSIHKQMDDDANGNVDVEESDEFLREDLNY,HDPTIKHSTFHGEDKLISVEDLWKAWKASEVY,LSFEAVRSIHKQMDDDANGNVDVEESDEFLREDLNYHDPTIKHSTFHGEDKLISVEDLWKAWKASEVY,
"R69M, L74Q, D82N, K122Q, S126T",5,NA,ortholog,no,Ambystoma mexicanum,Axolotl,XP_069496464.1,LSFEAVMNIHKQMDDDANGNVDVEESDEFLREDLNY,HDPTVKHSTFHGEDKLISVEDLWQAWKTSEVY,LSFEAVMNIHKQMDDDANGNVDVEESDEFLREDLNYHDPTVKHSTFHGEDKLISVEDLWQAWKTSEVY,
"N70S, L74Q, D82N, V103I, S126V",5,NA,ortholog,no,Ahaetulla prasina,Vine snake,XP_058041240.1,LSFEAVRSIHKQMDDDANGNVDVEESDEFLREDLNY,HDPTIKHSTFHGEDKLISVEDLWKAWKVSEVY,LSFEAVRSIHKQMDDDANGNVDVEESDEFLREDLNYHDPTIKHSTFHGEDKLISVEDLWKAWKVSEVY,
"YYY, N70S, L74Q, N80D",6,NA,ortholog,no,Lerista edwardsae,Myall slider (Skink),KAJ6664841.1,LSFEAVRSIHKQMDDDADGDVDLEESDEFLREDLNY,PDPRVQHSTFHGEDMLISVEDLWKAWKASEVY,LSFEAVRSIHKQMDDDADGDVDLEESDEFLREDLNYPDPRVQHSTFHGEDMLISVEDLWKAWKASEVY,
"YYY, E66D, R69M, N70S, L74Q, D82N",7,NA,ortholog,no,Xenopus Tropicalis,Xenopus,XP_031751684.1,LSFEAVMSIHKQMDDDANGNVDVEESDEFLREDLNY,HDPTAKHSTFHGEDKLISVEDLWNSWKTSEVY,LSFEAVMSIHKQMDDDANGNVDVEESDEFLREDLNYHDPTAKHSTFHGEDKLISVEDLWNSWKTSEVY,
"YYY, R69C, L74Q, D82N, V85L",8,NA,ortholog,no,Hemicordylus capensis,Graceful Crag Lizard,XP_053163280.1,LSFEAVCNIHKQMDDDANGNVDLEESDEFLREDLNY,PDPRVQHSTFHGEDMFISVEDLWKAWKSSEVY,LSFEAVCNIHKQMDDDANGNVDLEESDEFLREDLNYPDPRVQHSTFHGEDMFISVEDLWKAWKSSEVY,
N70S,,70,ortholog,yes,Elephantulus_edwardi,Cape Elephant Shrew,XP_006885597.1,LSFEAVRSIHKLMDDDANGDVDVEESDEFLREDLNY,HDPTVKHSTFHGEDKLISVEDLWKAWKSSEVY,LSFEAVRSIHKLMDDDANGDVDVEESDEFLREDLNYHDPTVKHSTFHGEDKLISVEDLWKAWKSSEVY,
S126A,1,126,ortholog,yes,Jaculus jaculus,Lesser Egyptian jerboa,XP_045001609.1,LSFEAVRNIHKLMDDDANGDVDVEESDEFLREDLNY,HDPTVKHSTFHGEDKLISVEDLWKAWKASEVY,LSFEAVRNIHKLMDDDANGDVDVEESDEFLREDLNYHDPTVKHSTFHGEDKLISVEDLWKAWKASEVY,
"N70S, L74Q, N80D",,NA,ortholog,yes,Tiliqua scincoides,Common blue-tongued skink,XP_066475235.1,LSFEAVRSIHKQMDDDADGDVDLEESDEFLREDLNY,PDPRVQHSNFHGEDMFISVEDLWKAWKASEVY,LSFEAVRSIHKQMDDDADGDVDLEESDEFLREDLNYPDPRVQHSNFHGEDMFISVEDLWKAWKASEVY,
"E66D, N70S",,NA,ortholog,yes,Ovis Aries,Sheep,XP_004016319.2,LSFDAVRSIHKLMDDDANGDVDVEESDEFLREDLNY,HDPTVKHSTFHGEDKLISVEDLWKAWKSSEVY,LSFDAVRSIHKLMDDDANGDVDVEESDEFLREDLNYHDPTVKHSTFHGEDKLISVEDLWKAWKSSEVY,
"R69C, L74Q, D82N",,NA,ortholog,yes,Pelodiscus sinensis,Chinese Softshell Turtle,XP_014436105.1,LSFEAVCNIHKQMDDDANGNVDVEESDEFLREDLNY,HDPTVKHSTFHGEDKLISVEDLWKSWKTSEVY,LSFEAVCNIHKQMDDDANGNVDVEESDEFLREDLNYHDPTVKHSTFHGEDKLISVEDLWKSWKTSEVY,
"L74Q, D82N, S126T",3,NA,ortholog,yes,Accipiter_gentilis,Eurasian Goshawk,XP_049679538.1,LSFEAVRNIHKQMDDDANGNVDVEESDEFLREDLNY,HDPTVKHSTFHGEDKLISVEDLWKAWKTSEVY,LSFEAVRNIHKQMDDDANGNVDVEESDEFLREDLNYHDPTVKHSTFHGEDKLISVEDLWKAWKTSEVY,
"L74Q, D82N, S126T",3,NA,ortholog,yes,Nothocercus nigrocapillus,Hooded tinamou Bird,NXD18034.1,LSFEAVRNIHKQMDDDANGNVDVEESDEFLREDLNY,HDPTVKHSTFHGEDKLISVEDLWKAWKTSEVY,LSFEAVRNIHKQMDDDANGNVDVEESDEFLREDLNYHDPTVKHSTFHGEDKLISVEDLWKAWKTSEVY,
V68I,1,68,None,NA,NA,NA,NA,LSFEAIRNIHKLMDDDANGDVDVEESDEFLREDLNY,,LSFEAIRNIHKLMDDDANGDVDVEESDEFLREDLNY,
R69M,1,69,None,NA,NA,NA,NA,LSFEAVMNIHKLMDDDANGDVDVEESDEFLREDLNY,,LSFEAVMNIHKLMDDDANGDVDVEESDEFLREDLNY,
N80D,1,80,None,NA,NA,NA,NA,LSFEAVRNIHKLMDDDADGDVDVEESDEFLREDLNY,,LSFEAVRNIHKLMDDDADGDVDVEESDEFLREDLNY,
D82N,1,82,None,NA,NA,NA,NA,LSFEAVRNIHKLMDDDANGNVDVEESDEFLREDLNY,,LSFEAVRNIHKLMDDDANGNVDVEESDEFLREDLNY,
V85L,1,85,None,NA,NA,NA,NA,LSFEAVRNIHKLMDDDANGDVDLEESDEFLREDLNY,,LSFEAVRNIHKLMDDDANGDVDLEESDEFLREDLNY,
L92I,1,92,None,NA,NA,NA,NA,LSFEAVRNIHKLMDDDANGDVDVEESDEFIREDLNY,,LSFEAVRNIHKLMDDDANGDVDVEESDEFIREDLNY,
"N70S, L74Q",,NA,None,NA,NA,NA,NA,LSFEAVRSIHKQMDDDANGDVDVEESDEFLREDLNY,,LSFEAVRSIHKQMDDDANGDVDVEESDEFLREDLNY,
"L74Q, N80D",,NA,None,NA,NA,NA,NA,LSFEAVRNIHKQMDDDADGDVDVEESDEFLREDLNY,,LSFEAVRNIHKQMDDDADGDVDVEESDEFLREDLNY,
"N70S, N80D",,NA,None,NA,NA,NA,NA,LSFEAVRSIHKLMDDDADGDVDVEESDEFLREDLNY,,LSFEAVRSIHKLMDDDADGDVDVEESDEFLREDLNY,