variant,Position,Location,Interpretation,Disease1,Disease2,GnomAD,deCAF,RGC_MCPS,BRAVO,In_vitro,Cells,Gnomad_AF,ClinVar,Count_cBioportal,PMID,nfat_loc,Comments
L63V,63,cEF,,,,,,,,WT-like NFAT loc,,,NA,,31744929,10,
E66A,66,cEF,,,,yes,,,,,,,NA,,,,
E66K,66,cEF,,,,yes,yes,yes,yes,WT-like NFAT loc,,,VUS,2,31744929,12,
A67T,67,cEF,,,,,,,,WT-like NFAT loc,,,VUS,1,31744929,10,
A67P,67,cEF,,,,yes,,,yes,,,,NA,,,,
R69C,69,cEF,,,,yes,yes,yes,yes,,,,VUS,1,,,
R69G,69,cEF,,,,yes,,,,,,,NA,,,,
R69H,69,cEF,,,,yes,yes,,yes,,,,VUS,1,,,
N70Y,70,cEF,,,,yes,,,yes,,,,NA,,,,
H72Q,72,cEF,High calcium influx,Myopathy,Tubular aggregate,,,,,Nuc NFAT loc,,,Path,0,"23332920, 31744929",65,
H72R,72,cEF,,,,,,,,Nuc NFAT loc,,,NA,1,31744929,55,
K73R,73,cEF,,,TAM/STRMK,,,yes,,,,,VUS,0,,,
L74P,74,cEF,,Immunodeficiency,Combined immunodeficiency,,,,,,,,Path,0,,,
D76A,76,cEF,,,,,,,,,Constitutive Puncta,,NA,0,16005298; 16906149,55,
D76G,76,cEF,,,,,,,,,,,VUS,1,,,
D76H,76,cEF,,,,,,,,,,,NA,1,,,
D76Y,76,cEF,,,,,,,,,,,NA,1,,,
D76V,76,cEF,,,,,,,,Nuc NFAT loc,,,NA,1,31744929,38,
D77N,77,cEF,,,,yes,yes,,yes,Nuc NFAT loc,,,NA,1,31744929,35,
D78G,78,cEF,,,,,,,,Nuc NFAT loc,,,NA,1,31744929,38,
A79T,79,cEF,,,,,,,,Nuc NFAT loc,,,NA,1,31744929,40,
N80T,80,cEF,High calcium influx,Myopathy,Tubular aggregate,,,,,Less than WT-like NFAT loc?,,,LP,0,31744929,5,
N80D,80,cEF,,,,yes,yes,,yes,,,,VUS,0,,,
N80S,80,cEF,,,,yes,yes,,yes,WT-like NFAT loc,,,VUS,0,31744929,20,
N80K,80,cEF,,,,,,,,Nuc NFAT loc,,,NA,1,31744929,57,
G81C,81,cEF,,,Combined immunodeficiency,,,,,,,,VUS,0,,,
G81D,81,cEF,High calcium influx,Myopathy,TAM/STRMK,,,,,Nuc NFAT loc,,,CaseRep,1,31744929,55,
D82N,82,cEF,,,,,,,,,,,NA,1,,,
D82Y,82,cEF,,,,yes,,,,,,,NA,,,,
V83A,83,cEF,,,,,,,,WT-like NFAT loc,,,NA,1,31744929,20,
D84N,84,cEF,,Myopathy,,,,,,,,,VUS,,,,
D84A,84,cEF,,Myopathy,STRMK,,,,,,,,LP,0,,,
D84G,84,cEF,High calcium influx,Myopathy,Tubular aggregate,,,,,WT-like NFAT loc,,,Path,0,"23332920, 31744929",5,Less than WT-like NFAT loc?
D84E,84,cEF,High calcium influx,Myopathy,Tubular aggregate,,,,,,,,LP,0,,,
D84H,84,cEF,,,,,,,,,,,NA,1,,,
E86K,86,cEF,,,,yes,,,,,,,NA,,,,
E87K,87,cEF,,,,,,,,,,,NA,1,,,
E87Q,87,cEF,,,,,,,,Nuc NFAT loc,,,NA,1,31744929,60,
E87G,87,cEF,,,,,,,,,,,NA,2,,,
S88G,88,cEF,High calcium influx,Myopathy,STRMK,,,,,,,,LP,0,,,
D89A,89,cEF,,,,yes,yes,,,WT-like NFAT loc,,,NA,,31744929,5,
E90D,90,cEF,,,All,yes,,,yes,,,,VUS,,,,
E90G,90,cEF,,,,yes,,,,,,,NA,,,,
F91Y,91,cEF,,,All,,,,,,,,VUS,0,,,
L92V,92,cEF,High calcium influx,Myopathy,TAM/STRMK,,,,,,,,CaseRep,0,,,
L92P,92,cEF,,,,,,,,Nuc NFAT loc,,,NA,1,31744929,45,
L96V,96,cEF,High calcium influx,Myopathy,TAM/STRMK,,,,,Nuc NFAT loc,,,VUS,0,31744929,65,
N97S,97,cEF,,,,yes,yes,,,,,,NA,,,,
Y98C,98,cEF,High calcium influx,Myopathy,Tubular aggregate,,,,,,,,LP,,,,
H99Y,99,hEF,,,,,,,,,,,VUS,,,,
H99D,99,hEF,,,,,,,,,,,VUS,,,,
P101A,101,hEF,,,,,,,,,,,VUS,,,,
T102A,102,hEF,,,,,,,,,,,VUS,,,,
H105D,105,hEF,,,,,,,,,,,VUS,,,,
H105N,105,hEF,,,,,,,,,,,VUS,,,,
S106N,106,hEF,,,,,,,,,,,VUS,,,,
F108I,108,hEF,High calcium influx,Myopathy,TAM/STRMK,,,,,,,,,,,,
F108L,108,hEF,High calcium influx,,TAM/STRMK,,,,,,,,,,,,
H109N,109,hEF,High calcium influx,,TAM/STRMK,,,,,,,,Pathogenic,,23332920,,
H109R,109,hEF,High calcium influx,Myopathy,TAM/STRMK,,,,,,,,Pathogenic,,23332920,,"ClinVar lists that this one is ""Combined immunodeficiency"", although the paper to the left says it's associated with TAM"
H109Y,109,hEF,High calcium influx,,TAM/STRMK,,,,,,,,,,,,
L114F,114,hEF,,,,,,,,,,,VUS,,,,
I115F,115,hEF,High calcium influx,Myopathy,TAM/STRMK,,,,,,,,Pathogenic,,,,
V117L,117,hEF,,,,,,,,,,,VUS,,,,
V117M,117,hEF,,,,,,,,,,,VUS,,,,
E128V,128,hEF,,,,,,,,,,,VUS,,,,
P165Q,165,SAM,Low calcium influx,,CRAC channelopathy,,,,,,,,,,,,
Q188R,188,,,,STRMK,,,,,,,,Likely Pathogenic,,,,
N291S,291,,,,,,,,,,,,Likely Benign,,,,
R304W,304,SOAR,High calcium influx,,TAM/STRMK,,,,,,,,Pathogenic,,,,
R304Q,304,SOAR,High calcium influx,,TAM/STRMK,,,,,,,,,,,,
R426C,426,SOAR,Low calcium influx,,CRAC channelopathy,,,,,,,,Pathogenic,,,,
R429C,429,SOAR,Low calcium influx,,CRAC channelopathy,,,,,,,,Pathogenic,,,,ClinVar lists this one as TAM
T509P,509,,,,,,,,,,,,Likely Benign,,,,
T535M,535,,,,,,,,,,,,Likely Benign,,,,
P636A,636,,,,,,,,,,,,Likely Benign,,,,