"","uniprot_id","protein_variant","am_pathogenicity","am_class","position","start","end"
"1","Q13586","L63A",0.4933,"ambiguous","63","L","A"
"2","Q13586","L63C",0.8057,"pathogenic","63","L","C"
"3","Q13586","L63D",0.8201,"pathogenic","63","L","D"
"4","Q13586","L63E",0.5582,"ambiguous","63","L","E"
"5","Q13586","L63F",0.2863,"benign","63","L","F"
"6","Q13586","L63G",0.7503,"pathogenic","63","L","G"
"7","Q13586","L63H",0.4266,"ambiguous","63","L","H"
"8","Q13586","L63I",0.2277,"benign","63","L","I"
"9","Q13586","L63K",0.5059,"ambiguous","63","L","K"
"10","Q13586","L63M",0.2256,"benign","63","L","M"
"11","Q13586","L63N",0.6236,"pathogenic","63","L","N"
"12","Q13586","L63P",0.8419,"pathogenic","63","L","P"
"13","Q13586","L63Q",0.2805,"benign","63","L","Q"
"14","Q13586","L63R",0.3148,"benign","63","L","R"
"15","Q13586","L63S",0.6704,"pathogenic","63","L","S"
"16","Q13586","L63T",0.6031,"pathogenic","63","L","T"
"17","Q13586","L63V",0.2242,"benign","63","L","V"
"18","Q13586","L63W",0.3787,"ambiguous","63","L","W"
"19","Q13586","L63Y",0.4256,"ambiguous","63","L","Y"
"20","Q13586","S64A",0.3374,"benign","64","S","A"
"21","Q13586","S64C",0.5767,"pathogenic","64","S","C"
"22","Q13586","S64D",0.9443,"pathogenic","64","S","D"
"23","Q13586","S64E",0.9652,"pathogenic","64","S","E"
"24","Q13586","S64F",0.9675,"pathogenic","64","S","F"
"25","Q13586","S64G",0.3046,"benign","64","S","G"
"26","Q13586","S64H",0.9308,"pathogenic","64","S","H"
"27","Q13586","S64I",0.8988,"pathogenic","64","S","I"
"28","Q13586","S64K",0.9957,"pathogenic","64","S","K"
"29","Q13586","S64L",0.7938,"pathogenic","64","S","L"
"30","Q13586","S64M",0.8675,"pathogenic","64","S","M"
"31","Q13586","S64N",0.6623,"pathogenic","64","S","N"
"32","Q13586","S64P",0.9716,"pathogenic","64","S","P"
"33","Q13586","S64Q",0.9525,"pathogenic","64","S","Q"
"34","Q13586","S64R",0.9851,"pathogenic","64","S","R"
"35","Q13586","S64T",0.2539,"benign","64","S","T"
"36","Q13586","S64V",0.8727,"pathogenic","64","S","V"
"37","Q13586","S64W",0.971,"pathogenic","64","S","W"
"38","Q13586","S64Y",0.9353,"pathogenic","64","S","Y"
"39","Q13586","F65A",0.9871,"pathogenic","65","F","A"
"40","Q13586","F65C",0.9784,"pathogenic","65","F","C"
"41","Q13586","F65D",0.9984,"pathogenic","65","F","D"
"42","Q13586","F65E",0.9974,"pathogenic","65","F","E"
"43","Q13586","F65G",0.9937,"pathogenic","65","F","G"
"44","Q13586","F65H",0.9688,"pathogenic","65","F","H"
"45","Q13586","F65I",0.971,"pathogenic","65","F","I"
"46","Q13586","F65K",0.9947,"pathogenic","65","F","K"
"47","Q13586","F65L",0.9867,"pathogenic","65","F","L"
"48","Q13586","F65M",0.9647,"pathogenic","65","F","M"
"49","Q13586","F65N",0.9946,"pathogenic","65","F","N"
"50","Q13586","F65P",0.9998,"pathogenic","65","F","P"
"51","Q13586","F65Q",0.9942,"pathogenic","65","F","Q"
"52","Q13586","F65R",0.9785,"pathogenic","65","F","R"
"53","Q13586","F65S",0.991,"pathogenic","65","F","S"
"54","Q13586","F65T",0.9959,"pathogenic","65","F","T"
"55","Q13586","F65V",0.951,"pathogenic","65","F","V"
"56","Q13586","F65W",0.7534,"pathogenic","65","F","W"
"57","Q13586","F65Y",0.272,"benign","65","F","Y"
"58","Q13586","E66A",0.2241,"benign","66","E","A"
"59","Q13586","E66C",0.9199,"pathogenic","66","E","C"
"60","Q13586","E66D",0.1396,"benign","66","E","D"
"61","Q13586","E66F",0.8447,"pathogenic","66","E","F"
"62","Q13586","E66G",0.3673,"ambiguous","66","E","G"
"63","Q13586","E66H",0.6374,"pathogenic","66","E","H"
"64","Q13586","E66I",0.5523,"ambiguous","66","E","I"
"65","Q13586","E66K",0.4437,"ambiguous","66","E","K"
"66","Q13586","E66L",0.4755,"ambiguous","66","E","L"
"67","Q13586","E66M",0.6035,"pathogenic","66","E","M"
"68","Q13586","E66N",0.396,"ambiguous","66","E","N"
"69","Q13586","E66P",0.979,"pathogenic","66","E","P"
"70","Q13586","E66Q",0.2354,"benign","66","E","Q"
"71","Q13586","E66R",0.5163,"ambiguous","66","E","R"
"72","Q13586","E66S",0.3281,"benign","66","E","S"
"73","Q13586","E66T",0.4014,"ambiguous","66","E","T"
"74","Q13586","E66V",0.3524,"ambiguous","66","E","V"
"75","Q13586","E66W",0.9369,"pathogenic","66","E","W"
"76","Q13586","E66Y",0.7428,"pathogenic","66","E","Y"
"77","Q13586","A67C",0.9879,"pathogenic","67","A","C"
"78","Q13586","A67D",0.993,"pathogenic","67","A","D"
"79","Q13586","A67E",0.9926,"pathogenic","67","A","E"
"80","Q13586","A67F",0.994,"pathogenic","67","A","F"
"81","Q13586","A67G",0.4895,"ambiguous","67","A","G"
"82","Q13586","A67H",0.995,"pathogenic","67","A","H"
"83","Q13586","A67I",0.9969,"pathogenic","67","A","I"
"84","Q13586","A67K",0.9992,"pathogenic","67","A","K"
"85","Q13586","A67L",0.9838,"pathogenic","67","A","L"
"86","Q13586","A67M",0.9872,"pathogenic","67","A","M"
"87","Q13586","A67N",0.9894,"pathogenic","67","A","N"
"88","Q13586","A67P",0.9989,"pathogenic","67","A","P"
"89","Q13586","A67Q",0.99,"pathogenic","67","A","Q"
"90","Q13586","A67R",0.9955,"pathogenic","67","A","R"
"91","Q13586","A67S",0.3923,"ambiguous","67","A","S"
"92","Q13586","A67T",0.9622,"pathogenic","67","A","T"
"93","Q13586","A67V",0.9792,"pathogenic","67","A","V"
"94","Q13586","A67W",0.999,"pathogenic","67","A","W"
"95","Q13586","A67Y",0.994,"pathogenic","67","A","Y"
"96","Q13586","V68A",0.9358,"pathogenic","68","V","A"
"97","Q13586","V68C",0.9867,"pathogenic","68","V","C"
"98","Q13586","V68D",0.9986,"pathogenic","68","V","D"
"99","Q13586","V68E",0.9934,"pathogenic","68","V","E"
"100","Q13586","V68F",0.9121,"pathogenic","68","V","F"
"101","Q13586","V68G",0.966,"pathogenic","68","V","G"
"102","Q13586","V68H",0.9988,"pathogenic","68","V","H"
"103","Q13586","V68I",0.1079,"benign","68","V","I"
"104","Q13586","V68K",0.9961,"pathogenic","68","V","K"
"105","Q13586","V68L",0.5658,"pathogenic","68","V","L"
"106","Q13586","V68M",0.6824,"pathogenic","68","V","M"
"107","Q13586","V68N",0.9933,"pathogenic","68","V","N"
"108","Q13586","V68P",0.9976,"pathogenic","68","V","P"
"109","Q13586","V68Q",0.9927,"pathogenic","68","V","Q"
"110","Q13586","V68R",0.9939,"pathogenic","68","V","R"
"111","Q13586","V68S",0.9805,"pathogenic","68","V","S"
"112","Q13586","V68T",0.9316,"pathogenic","68","V","T"
"113","Q13586","V68W",0.9987,"pathogenic","68","V","W"
"114","Q13586","V68Y",0.9949,"pathogenic","68","V","Y"
"115","Q13586","R69A",0.4515,"ambiguous","69","R","A"
"116","Q13586","R69C",0.1153,"benign","69","R","C"
"117","Q13586","R69D",0.8733,"pathogenic","69","R","D"
"118","Q13586","R69E",0.4678,"ambiguous","69","R","E"
"119","Q13586","R69F",0.6311,"pathogenic","69","R","F"
"120","Q13586","R69G",0.3568,"ambiguous","69","R","G"
"121","Q13586","R69H",0.1491,"benign","69","R","H"
"122","Q13586","R69I",0.2793,"benign","69","R","I"
"123","Q13586","R69K",0.1185,"benign","69","R","K"
"124","Q13586","R69L",0.2197,"benign","69","R","L"
"125","Q13586","R69M",0.2752,"benign","69","R","M"
"126","Q13586","R69N",0.7156,"pathogenic","69","R","N"
"127","Q13586","R69P",0.9893,"pathogenic","69","R","P"
"128","Q13586","R69Q",0.0894,"benign","69","R","Q"
"129","Q13586","R69S",0.5314,"ambiguous","69","R","S"
"130","Q13586","R69T",0.3001,"benign","69","R","T"
"131","Q13586","R69V",0.2919,"benign","69","R","V"
"132","Q13586","R69W",0.2533,"benign","69","R","W"
"133","Q13586","R69Y",0.4617,"ambiguous","69","R","Y"
"134","Q13586","N70A",0.2178,"benign","70","N","A"
"135","Q13586","N70C",0.3028,"benign","70","N","C"
"136","Q13586","N70D",0.2095,"benign","70","N","D"
"137","Q13586","N70E",0.5473,"ambiguous","70","N","E"
"138","Q13586","N70F",0.5907,"pathogenic","70","N","F"
"139","Q13586","N70G",0.2254,"benign","70","N","G"
"140","Q13586","N70H",0.1239,"benign","70","N","H"
"141","Q13586","N70I",0.3326,"benign","70","N","I"
"142","Q13586","N70K",0.5849,"pathogenic","70","N","K"
"143","Q13586","N70L",0.2863,"benign","70","N","L"
"144","Q13586","N70M",0.3334,"benign","70","N","M"
"145","Q13586","N70P",0.9832,"pathogenic","70","N","P"
"146","Q13586","N70Q",0.3933,"ambiguous","70","N","Q"
"147","Q13586","N70R",0.5886,"pathogenic","70","N","R"
"148","Q13586","N70S",0.066,"benign","70","N","S"
"149","Q13586","N70T",0.1252,"benign","70","N","T"
"150","Q13586","N70V",0.3248,"benign","70","N","V"
"151","Q13586","N70W",0.8254,"pathogenic","70","N","W"
"152","Q13586","N70Y",0.2278,"benign","70","N","Y"
"153","Q13586","I71A",0.9965,"pathogenic","71","I","A"
"154","Q13586","I71C",0.9989,"pathogenic","71","I","C"
"155","Q13586","I71D",0.9998,"pathogenic","71","I","D"
"156","Q13586","I71E",0.9994,"pathogenic","71","I","E"
"157","Q13586","I71F",0.9677,"pathogenic","71","I","F"
"158","Q13586","I71G",0.9996,"pathogenic","71","I","G"
"159","Q13586","I71H",0.9993,"pathogenic","71","I","H"
"160","Q13586","I71K",0.9989,"pathogenic","71","I","K"
"161","Q13586","I71L",0.5417,"ambiguous","71","I","L"
"162","Q13586","I71M",0.8095,"pathogenic","71","I","M"
"163","Q13586","I71N",0.9966,"pathogenic","71","I","N"
"164","Q13586","I71P",0.9994,"pathogenic","71","I","P"
"165","Q13586","I71Q",0.999,"pathogenic","71","I","Q"
"166","Q13586","I71R",0.9978,"pathogenic","71","I","R"
"167","Q13586","I71S",0.9969,"pathogenic","71","I","S"
"168","Q13586","I71T",0.9938,"pathogenic","71","I","T"
"169","Q13586","I71V",0.6065,"pathogenic","71","I","V"
"170","Q13586","I71W",0.9991,"pathogenic","71","I","W"
"171","Q13586","I71Y",0.9955,"pathogenic","71","I","Y"
"172","Q13586","H72A",0.999,"pathogenic","72","H","A"
"173","Q13586","H72C",0.9892,"pathogenic","72","H","C"
"174","Q13586","H72D",0.9994,"pathogenic","72","H","D"
"175","Q13586","H72E",0.9988,"pathogenic","72","H","E"
"176","Q13586","H72F",0.9955,"pathogenic","72","H","F"
"177","Q13586","H72G",0.999,"pathogenic","72","H","G"
"178","Q13586","H72I",0.9995,"pathogenic","72","H","I"
"179","Q13586","H72K",0.9982,"pathogenic","72","H","K"
"180","Q13586","H72L",0.9908,"pathogenic","72","H","L"
"181","Q13586","H72M",0.9991,"pathogenic","72","H","M"
"182","Q13586","H72N",0.9968,"pathogenic","72","H","N"
"183","Q13586","H72P",0.9962,"pathogenic","72","H","P"
"184","Q13586","H72Q",0.9954,"pathogenic","72","H","Q"
"185","Q13586","H72R",0.9934,"pathogenic","72","H","R"
"186","Q13586","H72S",0.9977,"pathogenic","72","H","S"
"187","Q13586","H72T",0.9996,"pathogenic","72","H","T"
"188","Q13586","H72V",0.9993,"pathogenic","72","H","V"
"189","Q13586","H72W",0.9882,"pathogenic","72","H","W"
"190","Q13586","H72Y",0.9898,"pathogenic","72","H","Y"
"191","Q13586","K73A",0.603,"pathogenic","73","K","A"
"192","Q13586","K73C",0.8392,"pathogenic","73","K","C"
"193","Q13586","K73D",0.8646,"pathogenic","73","K","D"
"194","Q13586","K73E",0.4502,"ambiguous","73","K","E"
"195","Q13586","K73F",0.9012,"pathogenic","73","K","F"
"196","Q13586","K73G",0.7053,"pathogenic","73","K","G"
"197","Q13586","K73H",0.3392,"benign","73","K","H"
"198","Q13586","K73I",0.6458,"pathogenic","73","K","I"
"199","Q13586","K73L",0.5339,"ambiguous","73","K","L"
"200","Q13586","K73M",0.4017,"ambiguous","73","K","M"
"201","Q13586","K73N",0.7357,"pathogenic","73","K","N"
"202","Q13586","K73P",0.9939,"pathogenic","73","K","P"
"203","Q13586","K73Q",0.1906,"benign","73","K","Q"
"204","Q13586","K73R",0.098,"benign","73","K","R"
"205","Q13586","K73S",0.7036,"pathogenic","73","K","S"
"206","Q13586","K73T",0.4244,"ambiguous","73","K","T"
"207","Q13586","K73V",0.5898,"pathogenic","73","K","V"
"208","Q13586","K73W",0.8979,"pathogenic","73","K","W"
"209","Q13586","K73Y",0.7868,"pathogenic","73","K","Y"
"210","Q13586","L74A",0.3237,"benign","74","L","A"
"211","Q13586","L74C",0.8088,"pathogenic","74","L","C"
"212","Q13586","L74D",0.6568,"pathogenic","74","L","D"
"213","Q13586","L74E",0.2276,"benign","74","L","E"
"214","Q13586","L74F",0.42,"ambiguous","74","L","F"
"215","Q13586","L74G",0.7052,"pathogenic","74","L","G"
"216","Q13586","L74H",0.3648,"ambiguous","74","L","H"
"217","Q13586","L74I",0.2086,"benign","74","L","I"
"218","Q13586","L74K",0.2516,"benign","74","L","K"
"219","Q13586","L74M",0.1016,"benign","74","L","M"
"220","Q13586","L74N",0.4454,"ambiguous","74","L","N"
"221","Q13586","L74P",0.9852,"pathogenic","74","L","P"
"222","Q13586","L74Q",0.0645,"benign","74","L","Q"
"223","Q13586","L74R",0.2629,"benign","74","L","R"
"224","Q13586","L74S",0.4297,"ambiguous","74","L","S"
"225","Q13586","L74T",0.3388,"benign","74","L","T"
"226","Q13586","L74V",0.1773,"benign","74","L","V"
"227","Q13586","L74W",0.5635,"ambiguous","74","L","W"
"228","Q13586","L74Y",0.5995,"pathogenic","74","L","Y"
"229","Q13586","M75A",0.9962,"pathogenic","75","M","A"
"230","Q13586","M75C",0.9978,"pathogenic","75","M","C"
"231","Q13586","M75D",0.9999,"pathogenic","75","M","D"
"232","Q13586","M75E",0.9988,"pathogenic","75","M","E"
"233","Q13586","M75F",0.9823,"pathogenic","75","M","F"
"234","Q13586","M75G",0.9992,"pathogenic","75","M","G"
"235","Q13586","M75H",0.9995,"pathogenic","75","M","H"
"236","Q13586","M75I",0.9906,"pathogenic","75","M","I"
"237","Q13586","M75K",0.997,"pathogenic","75","M","K"
"238","Q13586","M75L",0.6159,"pathogenic","75","M","L"
"239","Q13586","M75N",0.9997,"pathogenic","75","M","N"
"240","Q13586","M75P",0.9998,"pathogenic","75","M","P"
"241","Q13586","M75Q",0.9937,"pathogenic","75","M","Q"
"242","Q13586","M75R",0.9976,"pathogenic","75","M","R"
"243","Q13586","M75S",0.999,"pathogenic","75","M","S"
"244","Q13586","M75T",0.9977,"pathogenic","75","M","T"
"245","Q13586","M75V",0.9534,"pathogenic","75","M","V"
"246","Q13586","M75W",0.9989,"pathogenic","75","M","W"
"247","Q13586","M75Y",0.9991,"pathogenic","75","M","Y"
"248","Q13586","D76A",0.9987,"pathogenic","76","D","A"
"249","Q13586","D76C",1,"pathogenic","76","D","C"
"250","Q13586","D76E",0.9985,"pathogenic","76","D","E"
"251","Q13586","D76F",0.9998,"pathogenic","76","D","F"
"252","Q13586","D76G",0.997,"pathogenic","76","D","G"
"253","Q13586","D76H",0.9994,"pathogenic","76","D","H"
"254","Q13586","D76I",0.9998,"pathogenic","76","D","I"
"255","Q13586","D76K",0.999,"pathogenic","76","D","K"
"256","Q13586","D76L",0.9991,"pathogenic","76","D","L"
"257","Q13586","D76M",0.9999,"pathogenic","76","D","M"
"258","Q13586","D76N",0.9952,"pathogenic","76","D","N"
"259","Q13586","D76P",0.9999,"pathogenic","76","D","P"
"260","Q13586","D76Q",0.9998,"pathogenic","76","D","Q"
"261","Q13586","D76R",0.9985,"pathogenic","76","D","R"
"262","Q13586","D76S",0.9986,"pathogenic","76","D","S"
"263","Q13586","D76T",0.9997,"pathogenic","76","D","T"
"264","Q13586","D76V",0.9987,"pathogenic","76","D","V"
"265","Q13586","D76W",0.9999,"pathogenic","76","D","W"
"266","Q13586","D76Y",0.9972,"pathogenic","76","D","Y"
"267","Q13586","D77A",0.9855,"pathogenic","77","D","A"
"268","Q13586","D77C",0.9991,"pathogenic","77","D","C"
"269","Q13586","D77E",0.9601,"pathogenic","77","D","E"
"270","Q13586","D77F",0.9971,"pathogenic","77","D","F"
"271","Q13586","D77G",0.979,"pathogenic","77","D","G"
"272","Q13586","D77H",0.9907,"pathogenic","77","D","H"
"273","Q13586","D77I",0.9963,"pathogenic","77","D","I"
"274","Q13586","D77K",0.9909,"pathogenic","77","D","K"
"275","Q13586","D77L",0.9934,"pathogenic","77","D","L"
"276","Q13586","D77M",0.9985,"pathogenic","77","D","M"
"277","Q13586","D77N",0.9358,"pathogenic","77","D","N"
"278","Q13586","D77P",0.9995,"pathogenic","77","D","P"
"279","Q13586","D77Q",0.9947,"pathogenic","77","D","Q"
"280","Q13586","D77R",0.9871,"pathogenic","77","D","R"
"281","Q13586","D77S",0.9719,"pathogenic","77","D","S"
"282","Q13586","D77T",0.9907,"pathogenic","77","D","T"
"283","Q13586","D77V",0.9875,"pathogenic","77","D","V"
"284","Q13586","D77W",0.999,"pathogenic","77","D","W"
"285","Q13586","D77Y",0.9828,"pathogenic","77","D","Y"
"286","Q13586","D78A",0.9992,"pathogenic","78","D","A"
"287","Q13586","D78C",0.9999,"pathogenic","78","D","C"
"288","Q13586","D78E",0.9977,"pathogenic","78","D","E"
"289","Q13586","D78F",0.9997,"pathogenic","78","D","F"
"290","Q13586","D78G",0.9985,"pathogenic","78","D","G"
"291","Q13586","D78H",0.9986,"pathogenic","78","D","H"
"292","Q13586","D78I",0.9998,"pathogenic","78","D","I"
"293","Q13586","D78K",0.9983,"pathogenic","78","D","K"
"294","Q13586","D78L",0.9993,"pathogenic","78","D","L"
"295","Q13586","D78M",0.9999,"pathogenic","78","D","M"
"296","Q13586","D78N",0.9846,"pathogenic","78","D","N"
"297","Q13586","D78P",0.9998,"pathogenic","78","D","P"
"298","Q13586","D78Q",0.9996,"pathogenic","78","D","Q"
"299","Q13586","D78R",0.9966,"pathogenic","78","D","R"
"300","Q13586","D78S",0.9975,"pathogenic","78","D","S"
"301","Q13586","D78T",0.9992,"pathogenic","78","D","T"
"302","Q13586","D78V",0.9991,"pathogenic","78","D","V"
"303","Q13586","D78W",0.9999,"pathogenic","78","D","W"
"304","Q13586","D78Y",0.9968,"pathogenic","78","D","Y"
"305","Q13586","A79C",0.7123,"pathogenic","79","A","C"
"306","Q13586","A79D",0.3712,"ambiguous","79","A","D"
"307","Q13586","A79E",0.3545,"ambiguous","79","A","E"
"308","Q13586","A79F",0.6938,"pathogenic","79","A","F"
"309","Q13586","A79G",0.3108,"benign","79","A","G"
"310","Q13586","A79H",0.5394,"ambiguous","79","A","H"
"311","Q13586","A79I",0.8699,"pathogenic","79","A","I"
"312","Q13586","A79K",0.5863,"pathogenic","79","A","K"
"313","Q13586","A79L",0.4892,"ambiguous","79","A","L"
"314","Q13586","A79M",0.5511,"ambiguous","79","A","M"
"315","Q13586","A79N",0.2992,"benign","79","A","N"
"316","Q13586","A79P",0.9938,"pathogenic","79","A","P"
"317","Q13586","A79Q",0.3047,"benign","79","A","Q"
"318","Q13586","A79R",0.4121,"ambiguous","79","A","R"
"319","Q13586","A79S",0.1324,"benign","79","A","S"
"320","Q13586","A79T",0.3477,"ambiguous","79","A","T"
"321","Q13586","A79V",0.6079,"pathogenic","79","A","V"
"322","Q13586","A79W",0.9445,"pathogenic","79","A","W"
"323","Q13586","A79Y",0.7619,"pathogenic","79","A","Y"
"324","Q13586","N80A",0.9607,"pathogenic","80","N","A"
"325","Q13586","N80C",0.9795,"pathogenic","80","N","C"
"326","Q13586","N80D",0.2795,"benign","80","N","D"
"327","Q13586","N80E",0.9873,"pathogenic","80","N","E"
"328","Q13586","N80F",0.9975,"pathogenic","80","N","F"
"329","Q13586","N80G",0.903,"pathogenic","80","N","G"
"330","Q13586","N80H",0.9167,"pathogenic","80","N","H"
"331","Q13586","N80I",0.9924,"pathogenic","80","N","I"
"332","Q13586","N80K",0.9915,"pathogenic","80","N","K"
"333","Q13586","N80L",0.9713,"pathogenic","80","N","L"
"334","Q13586","N80M",0.9872,"pathogenic","80","N","M"
"335","Q13586","N80P",0.9958,"pathogenic","80","N","P"
"336","Q13586","N80Q",0.9911,"pathogenic","80","N","Q"
"337","Q13586","N80R",0.9883,"pathogenic","80","N","R"
"338","Q13586","N80S",0.2395,"benign","80","N","S"
"339","Q13586","N80T",0.7553,"pathogenic","80","N","T"
"340","Q13586","N80V",0.9818,"pathogenic","80","N","V"
"341","Q13586","N80W",0.999,"pathogenic","80","N","W"
"342","Q13586","N80Y",0.9739,"pathogenic","80","N","Y"
"343","Q13586","G81A",0.9891,"pathogenic","81","G","A"
"344","Q13586","G81C",0.997,"pathogenic","81","G","C"
"345","Q13586","G81D",0.9919,"pathogenic","81","G","D"
"346","Q13586","G81E",0.9969,"pathogenic","81","G","E"
"347","Q13586","G81F",0.9992,"pathogenic","81","G","F"
"348","Q13586","G81H",0.9975,"pathogenic","81","G","H"
"349","Q13586","G81I",0.9994,"pathogenic","81","G","I"
"350","Q13586","G81K",0.9975,"pathogenic","81","G","K"
"351","Q13586","G81L",0.9981,"pathogenic","81","G","L"
"352","Q13586","G81M",0.999,"pathogenic","81","G","M"
"353","Q13586","G81N",0.9929,"pathogenic","81","G","N"
"354","Q13586","G81P",0.9999,"pathogenic","81","G","P"
"355","Q13586","G81Q",0.9963,"pathogenic","81","G","Q"
"356","Q13586","G81R",0.9935,"pathogenic","81","G","R"
"357","Q13586","G81S",0.9605,"pathogenic","81","G","S"
"358","Q13586","G81T",0.9954,"pathogenic","81","G","T"
"359","Q13586","G81V",0.9987,"pathogenic","81","G","V"
"360","Q13586","G81W",0.9984,"pathogenic","81","G","W"
"361","Q13586","G81Y",0.9986,"pathogenic","81","G","Y"
"362","Q13586","D82A",0.3487,"ambiguous","82","D","A"
"363","Q13586","D82C",0.8613,"pathogenic","82","D","C"
"364","Q13586","D82E",0.5656,"pathogenic","82","D","E"
"365","Q13586","D82F",0.7671,"pathogenic","82","D","F"
"366","Q13586","D82G",0.4624,"ambiguous","82","D","G"
"367","Q13586","D82H",0.5219,"ambiguous","82","D","H"
"368","Q13586","D82I",0.8252,"pathogenic","82","D","I"
"369","Q13586","D82K",0.8336,"pathogenic","82","D","K"
"370","Q13586","D82L",0.7048,"pathogenic","82","D","L"
"371","Q13586","D82M",0.838,"pathogenic","82","D","M"
"372","Q13586","D82N",0.1011,"benign","82","D","N"
"373","Q13586","D82P",0.994,"pathogenic","82","D","P"
"374","Q13586","D82Q",0.7409,"pathogenic","82","D","Q"
"375","Q13586","D82R",0.8214,"pathogenic","82","D","R"
"376","Q13586","D82S",0.1857,"benign","82","D","S"
"377","Q13586","D82T",0.5177,"ambiguous","82","D","T"
"378","Q13586","D82V",0.6198,"pathogenic","82","D","V"
"379","Q13586","D82W",0.9652,"pathogenic","82","D","W"
"380","Q13586","D82Y",0.4115,"ambiguous","82","D","Y"
"381","Q13586","V83A",0.9906,"pathogenic","83","V","A"
"382","Q13586","V83C",0.9984,"pathogenic","83","V","C"
"383","Q13586","V83D",0.9996,"pathogenic","83","V","D"
"384","Q13586","V83E",0.9985,"pathogenic","83","V","E"
"385","Q13586","V83F",0.9946,"pathogenic","83","V","F"
"386","Q13586","V83G",0.993,"pathogenic","83","V","G"
"387","Q13586","V83H",0.9999,"pathogenic","83","V","H"
"388","Q13586","V83I",0.2431,"benign","83","V","I"
"389","Q13586","V83K",0.9991,"pathogenic","83","V","K"
"390","Q13586","V83L",0.9794,"pathogenic","83","V","L"
"391","Q13586","V83M",0.9808,"pathogenic","83","V","M"
"392","Q13586","V83N",0.9993,"pathogenic","83","V","N"
"393","Q13586","V83P",0.9995,"pathogenic","83","V","P"
"394","Q13586","V83Q",0.9992,"pathogenic","83","V","Q"
"395","Q13586","V83R",0.9969,"pathogenic","83","V","R"
"396","Q13586","V83S",0.9964,"pathogenic","83","V","S"
"397","Q13586","V83T",0.9787,"pathogenic","83","V","T"
"398","Q13586","V83W",0.9998,"pathogenic","83","V","W"
"399","Q13586","V83Y",0.9995,"pathogenic","83","V","Y"
"400","Q13586","D84A",0.9835,"pathogenic","84","D","A"
"401","Q13586","D84C",0.9986,"pathogenic","84","D","C"
"402","Q13586","D84E",0.9675,"pathogenic","84","D","E"
"403","Q13586","D84F",0.9972,"pathogenic","84","D","F"
"404","Q13586","D84G",0.9872,"pathogenic","84","D","G"
"405","Q13586","D84H",0.9936,"pathogenic","84","D","H"
"406","Q13586","D84I",0.9977,"pathogenic","84","D","I"
"407","Q13586","D84K",0.998,"pathogenic","84","D","K"
"408","Q13586","D84L",0.991,"pathogenic","84","D","L"
"409","Q13586","D84M",0.9984,"pathogenic","84","D","M"
"410","Q13586","D84N",0.9433,"pathogenic","84","D","N"
"411","Q13586","D84P",0.9993,"pathogenic","84","D","P"
"412","Q13586","D84Q",0.9958,"pathogenic","84","D","Q"
"413","Q13586","D84R",0.9965,"pathogenic","84","D","R"
"414","Q13586","D84S",0.9562,"pathogenic","84","D","S"
"415","Q13586","D84T",0.9884,"pathogenic","84","D","T"
"416","Q13586","D84V",0.9904,"pathogenic","84","D","V"
"417","Q13586","D84W",0.9995,"pathogenic","84","D","W"
"418","Q13586","D84Y",0.988,"pathogenic","84","D","Y"
"419","Q13586","V85A",0.5845,"pathogenic","85","V","A"
"420","Q13586","V85C",0.9757,"pathogenic","85","V","C"
"421","Q13586","V85D",0.9202,"pathogenic","85","V","D"
"422","Q13586","V85E",0.7126,"pathogenic","85","V","E"
"423","Q13586","V85F",0.6325,"pathogenic","85","V","F"
"424","Q13586","V85G",0.7367,"pathogenic","85","V","G"
"425","Q13586","V85H",0.9558,"pathogenic","85","V","H"
"426","Q13586","V85I",0.1414,"benign","85","V","I"
"427","Q13586","V85K",0.8221,"pathogenic","85","V","K"
"428","Q13586","V85L",0.6618,"pathogenic","85","V","L"
"429","Q13586","V85M",0.3347,"benign","85","V","M"
"430","Q13586","V85N",0.8841,"pathogenic","85","V","N"
"431","Q13586","V85P",0.9309,"pathogenic","85","V","P"
"432","Q13586","V85Q",0.7491,"pathogenic","85","V","Q"
"433","Q13586","V85R",0.7574,"pathogenic","85","V","R"
"434","Q13586","V85S",0.7288,"pathogenic","85","V","S"
"435","Q13586","V85T",0.418,"ambiguous","85","V","T"
"436","Q13586","V85W",0.9744,"pathogenic","85","V","W"
"437","Q13586","V85Y",0.9435,"pathogenic","85","V","Y"
"438","Q13586","E86A",0.3683,"ambiguous","86","E","A"
"439","Q13586","E86C",0.9794,"pathogenic","86","E","C"
"440","Q13586","E86D",0.4311,"ambiguous","86","E","D"
"441","Q13586","E86F",0.969,"pathogenic","86","E","F"
"442","Q13586","E86G",0.5379,"ambiguous","86","E","G"
"443","Q13586","E86H",0.8819,"pathogenic","86","E","H"
"444","Q13586","E86I",0.8345,"pathogenic","86","E","I"
"445","Q13586","E86K",0.6314,"pathogenic","86","E","K"
"446","Q13586","E86L",0.7523,"pathogenic","86","E","L"
"447","Q13586","E86M",0.788,"pathogenic","86","E","M"
"448","Q13586","E86N",0.7502,"pathogenic","86","E","N"
"449","Q13586","E86P",0.9738,"pathogenic","86","E","P"
"450","Q13586","E86Q",0.3818,"ambiguous","86","E","Q"
"451","Q13586","E86R",0.7192,"pathogenic","86","E","R"
"452","Q13586","E86S",0.5167,"ambiguous","86","E","S"
"453","Q13586","E86T",0.5638,"ambiguous","86","E","T"
"454","Q13586","E86V",0.5565,"ambiguous","86","E","V"
"455","Q13586","E86W",0.9883,"pathogenic","86","E","W"
"456","Q13586","E86Y",0.9539,"pathogenic","86","E","Y"
"457","Q13586","E87A",0.9971,"pathogenic","87","E","A"
"458","Q13586","E87C",0.9999,"pathogenic","87","E","C"
"459","Q13586","E87D",0.9985,"pathogenic","87","E","D"
"460","Q13586","E87F",1,"pathogenic","87","E","F"
"461","Q13586","E87G",0.9972,"pathogenic","87","E","G"
"462","Q13586","E87H",0.9998,"pathogenic","87","E","H"
"463","Q13586","E87I",0.9996,"pathogenic","87","E","I"
"464","Q13586","E87K",0.9972,"pathogenic","87","E","K"
"465","Q13586","E87L",0.9998,"pathogenic","87","E","L"
"466","Q13586","E87M",0.9996,"pathogenic","87","E","M"
"467","Q13586","E87N",0.9995,"pathogenic","87","E","N"
"468","Q13586","E87P",0.9999,"pathogenic","87","E","P"
"469","Q13586","E87Q",0.9967,"pathogenic","87","E","Q"
"470","Q13586","E87R",0.9989,"pathogenic","87","E","R"
"471","Q13586","E87S",0.9995,"pathogenic","87","E","S"
"472","Q13586","E87T",0.9994,"pathogenic","87","E","T"
"473","Q13586","E87V",0.999,"pathogenic","87","E","V"
"474","Q13586","E87W",1,"pathogenic","87","E","W"
"475","Q13586","E87Y",0.9999,"pathogenic","87","E","Y"
"476","Q13586","S88A",0.8587,"pathogenic","88","S","A"
"477","Q13586","S88C",0.9887,"pathogenic","88","S","C"
"478","Q13586","S88D",0.9941,"pathogenic","88","S","D"
"479","Q13586","S88E",0.9948,"pathogenic","88","S","E"
"480","Q13586","S88F",0.9995,"pathogenic","88","S","F"
"481","Q13586","S88G",0.9038,"pathogenic","88","S","G"
"482","Q13586","S88H",0.9981,"pathogenic","88","S","H"
"483","Q13586","S88I",0.9956,"pathogenic","88","S","I"
"484","Q13586","S88K",0.9993,"pathogenic","88","S","K"
"485","Q13586","S88L",0.9888,"pathogenic","88","S","L"
"486","Q13586","S88M",0.9773,"pathogenic","88","S","M"
"487","Q13586","S88N",0.9898,"pathogenic","88","S","N"
"488","Q13586","S88P",0.9995,"pathogenic","88","S","P"
"489","Q13586","S88Q",0.9965,"pathogenic","88","S","Q"
"490","Q13586","S88R",0.9995,"pathogenic","88","S","R"
"491","Q13586","S88T",0.2492,"benign","88","S","T"
"492","Q13586","S88V",0.9908,"pathogenic","88","S","V"
"493","Q13586","S88W",0.9987,"pathogenic","88","S","W"
"494","Q13586","S88Y",0.9986,"pathogenic","88","S","Y"
"495","Q13586","D89A",0.9322,"pathogenic","89","D","A"
"496","Q13586","D89C",0.997,"pathogenic","89","D","C"
"497","Q13586","D89E",0.9254,"pathogenic","89","D","E"
"498","Q13586","D89F",0.9889,"pathogenic","89","D","F"
"499","Q13586","D89G",0.8983,"pathogenic","89","D","G"
"500","Q13586","D89H",0.9549,"pathogenic","89","D","H"
"501","Q13586","D89I",0.9829,"pathogenic","89","D","I"
"502","Q13586","D89K",0.9769,"pathogenic","89","D","K"
"503","Q13586","D89L",0.9666,"pathogenic","89","D","L"
"504","Q13586","D89M",0.9922,"pathogenic","89","D","M"
"505","Q13586","D89N",0.6768,"pathogenic","89","D","N"
"506","Q13586","D89P",0.9981,"pathogenic","89","D","P"
"507","Q13586","D89Q",0.974,"pathogenic","89","D","Q"
"508","Q13586","D89R",0.9694,"pathogenic","89","D","R"
"509","Q13586","D89S",0.8315,"pathogenic","89","D","S"
"510","Q13586","D89T",0.9516,"pathogenic","89","D","T"
"511","Q13586","D89V",0.9235,"pathogenic","89","D","V"
"512","Q13586","D89W",0.9976,"pathogenic","89","D","W"
"513","Q13586","D89Y",0.9395,"pathogenic","89","D","Y"
"514","Q13586","E90A",0.7736,"pathogenic","90","E","A"
"515","Q13586","E90C",0.9923,"pathogenic","90","E","C"
"516","Q13586","E90D",0.751,"pathogenic","90","E","D"
"517","Q13586","E90F",0.9947,"pathogenic","90","E","F"
"518","Q13586","E90G",0.4223,"ambiguous","90","E","G"
"519","Q13586","E90H",0.9877,"pathogenic","90","E","H"
"520","Q13586","E90I",0.9787,"pathogenic","90","E","I"
"521","Q13586","E90K",0.9358,"pathogenic","90","E","K"
"522","Q13586","E90L",0.9729,"pathogenic","90","E","L"
"523","Q13586","E90M",0.9735,"pathogenic","90","E","M"
"524","Q13586","E90N",0.956,"pathogenic","90","E","N"
"525","Q13586","E90P",0.9959,"pathogenic","90","E","P"
"526","Q13586","E90Q",0.7946,"pathogenic","90","E","Q"
"527","Q13586","E90R",0.9426,"pathogenic","90","E","R"
"528","Q13586","E90S",0.8492,"pathogenic","90","E","S"
"529","Q13586","E90T",0.9363,"pathogenic","90","E","T"
"530","Q13586","E90V",0.9405,"pathogenic","90","E","V"
"531","Q13586","E90W",0.9981,"pathogenic","90","E","W"
"532","Q13586","E90Y",0.989,"pathogenic","90","E","Y"
"533","Q13586","F91A",0.9994,"pathogenic","91","F","A"
"534","Q13586","F91C",0.9997,"pathogenic","91","F","C"
"535","Q13586","F91D",0.9989,"pathogenic","91","F","D"
"536","Q13586","F91E",0.9989,"pathogenic","91","F","E"
"537","Q13586","F91G",0.9993,"pathogenic","91","F","G"
"538","Q13586","F91H",0.9982,"pathogenic","91","F","H"
"539","Q13586","F91I",0.997,"pathogenic","91","F","I"
"540","Q13586","F91K",0.9994,"pathogenic","91","F","K"
"541","Q13586","F91L",0.9998,"pathogenic","91","F","L"
"542","Q13586","F91M",0.9982,"pathogenic","91","F","M"
"543","Q13586","F91N",0.9991,"pathogenic","91","F","N"
"544","Q13586","F91P",1,"pathogenic","91","F","P"
"545","Q13586","F91Q",0.9993,"pathogenic","91","F","Q"
"546","Q13586","F91R",0.9985,"pathogenic","91","F","R"
"547","Q13586","F91S",0.9997,"pathogenic","91","F","S"
"548","Q13586","F91T",0.9996,"pathogenic","91","F","T"
"549","Q13586","F91V",0.997,"pathogenic","91","F","V"
"550","Q13586","F91W",0.9892,"pathogenic","91","F","W"
"551","Q13586","F91Y",0.9316,"pathogenic","91","F","Y"
"552","Q13586","L92A",0.9945,"pathogenic","92","L","A"
"553","Q13586","L92C",0.9978,"pathogenic","92","L","C"
"554","Q13586","L92D",0.9999,"pathogenic","92","L","D"
"555","Q13586","L92E",0.9991,"pathogenic","92","L","E"
"556","Q13586","L92F",0.9752,"pathogenic","92","L","F"
"557","Q13586","L92G",0.9992,"pathogenic","92","L","G"
"558","Q13586","L92H",0.9986,"pathogenic","92","L","H"
"559","Q13586","L92I",0.5361,"ambiguous","92","L","I"
"560","Q13586","L92K",0.998,"pathogenic","92","L","K"
"561","Q13586","L92M",0.7864,"pathogenic","92","L","M"
"562","Q13586","L92N",0.9995,"pathogenic","92","L","N"
"563","Q13586","L92P",0.9994,"pathogenic","92","L","P"
"564","Q13586","L92Q",0.9963,"pathogenic","92","L","Q"
"565","Q13586","L92R",0.994,"pathogenic","92","L","R"
"566","Q13586","L92S",0.9991,"pathogenic","92","L","S"
"567","Q13586","L92T",0.9967,"pathogenic","92","L","T"
"568","Q13586","L92V",0.8614,"pathogenic","92","L","V"
"569","Q13586","L92W",0.995,"pathogenic","92","L","W"
"570","Q13586","L92Y",0.9976,"pathogenic","92","L","Y"
"571","Q13586","R93A",0.9925,"pathogenic","93","R","A"
"572","Q13586","R93C",0.9663,"pathogenic","93","R","C"
"573","Q13586","R93D",0.9981,"pathogenic","93","R","D"
"574","Q13586","R93E",0.9694,"pathogenic","93","R","E"
"575","Q13586","R93F",0.9968,"pathogenic","93","R","F"
"576","Q13586","R93G",0.988,"pathogenic","93","R","G"
"577","Q13586","R93H",0.838,"pathogenic","93","R","H"
"578","Q13586","R93I",0.9758,"pathogenic","93","R","I"
"579","Q13586","R93K",0.6675,"pathogenic","93","R","K"
"580","Q13586","R93L",0.9465,"pathogenic","93","R","L"
"581","Q13586","R93M",0.981,"pathogenic","93","R","M"
"582","Q13586","R93N",0.9974,"pathogenic","93","R","N"
"583","Q13586","R93P",0.9993,"pathogenic","93","R","P"
"584","Q13586","R93Q",0.7161,"pathogenic","93","R","Q"
"585","Q13586","R93S",0.996,"pathogenic","93","R","S"
"586","Q13586","R93T",0.9883,"pathogenic","93","R","T"
"587","Q13586","R93V",0.9844,"pathogenic","93","R","V"
"588","Q13586","R93W",0.9228,"pathogenic","93","R","W"
"589","Q13586","R93Y",0.9903,"pathogenic","93","R","Y"
"590","Q13586","E94A",0.929,"pathogenic","94","E","A"
"591","Q13586","E94C",0.9976,"pathogenic","94","E","C"
"592","Q13586","E94D",0.9241,"pathogenic","94","E","D"
"593","Q13586","E94F",0.9983,"pathogenic","94","E","F"
"594","Q13586","E94G",0.9136,"pathogenic","94","E","G"
"595","Q13586","E94H",0.9901,"pathogenic","94","E","H"
"596","Q13586","E94I",0.9925,"pathogenic","94","E","I"
"597","Q13586","E94K",0.9307,"pathogenic","94","E","K"
"598","Q13586","E94L",0.9911,"pathogenic","94","E","L"
"599","Q13586","E94M",0.9871,"pathogenic","94","E","M"
"600","Q13586","E94N",0.9832,"pathogenic","94","E","N"
"601","Q13586","E94P",0.9996,"pathogenic","94","E","P"
"602","Q13586","E94Q",0.8346,"pathogenic","94","E","Q"
"603","Q13586","E94R",0.9619,"pathogenic","94","E","R"
"604","Q13586","E94S",0.9652,"pathogenic","94","E","S"
"605","Q13586","E94T",0.9769,"pathogenic","94","E","T"
"606","Q13586","E94V",0.9683,"pathogenic","94","E","V"
"607","Q13586","E94W",0.9991,"pathogenic","94","E","W"
"608","Q13586","E94Y",0.9964,"pathogenic","94","E","Y"
"609","Q13586","D95A",0.9958,"pathogenic","95","D","A"
"610","Q13586","D95C",0.9997,"pathogenic","95","D","C"
"611","Q13586","D95E",0.972,"pathogenic","95","D","E"
"612","Q13586","D95F",0.9983,"pathogenic","95","D","F"
"613","Q13586","D95G",0.9936,"pathogenic","95","D","G"
"614","Q13586","D95H",0.9943,"pathogenic","95","D","H"
"615","Q13586","D95I",0.9982,"pathogenic","95","D","I"
"616","Q13586","D95K",0.9963,"pathogenic","95","D","K"
"617","Q13586","D95L",0.998,"pathogenic","95","D","L"
"618","Q13586","D95M",0.9995,"pathogenic","95","D","M"
"619","Q13586","D95N",0.974,"pathogenic","95","D","N"
"620","Q13586","D95P",0.9998,"pathogenic","95","D","P"
"621","Q13586","D95Q",0.9974,"pathogenic","95","D","Q"
"622","Q13586","D95R",0.9965,"pathogenic","95","D","R"
"623","Q13586","D95S",0.9926,"pathogenic","95","D","S"
"624","Q13586","D95T",0.9972,"pathogenic","95","D","T"
"625","Q13586","D95V",0.994,"pathogenic","95","D","V"
"626","Q13586","D95W",0.9997,"pathogenic","95","D","W"
"627","Q13586","D95Y",0.985,"pathogenic","95","D","Y"
"628","Q13586","L96A",0.9911,"pathogenic","96","L","A"
"629","Q13586","L96C",0.9934,"pathogenic","96","L","C"
"630","Q13586","L96D",0.9996,"pathogenic","96","L","D"
"631","Q13586","L96E",0.9974,"pathogenic","96","L","E"
"632","Q13586","L96F",0.9801,"pathogenic","96","L","F"
"633","Q13586","L96G",0.996,"pathogenic","96","L","G"
"634","Q13586","L96H",0.9966,"pathogenic","96","L","H"
"635","Q13586","L96I",0.9294,"pathogenic","96","L","I"
"636","Q13586","L96K",0.9935,"pathogenic","96","L","K"
"637","Q13586","L96M",0.5639,"ambiguous","96","L","M"
"638","Q13586","L96N",0.9975,"pathogenic","96","L","N"
"639","Q13586","L96P",0.9995,"pathogenic","96","L","P"
"640","Q13586","L96Q",0.9906,"pathogenic","96","L","Q"
"641","Q13586","L96R",0.9872,"pathogenic","96","L","R"
"642","Q13586","L96S",0.998,"pathogenic","96","L","S"
"643","Q13586","L96T",0.9938,"pathogenic","96","L","T"
"644","Q13586","L96V",0.9423,"pathogenic","96","L","V"
"645","Q13586","L96W",0.9943,"pathogenic","96","L","W"
"646","Q13586","L96Y",0.9964,"pathogenic","96","L","Y"
"647","Q13586","N97A",0.7297,"pathogenic","97","N","A"
"648","Q13586","N97C",0.7729,"pathogenic","97","N","C"
"649","Q13586","N97D",0.662,"pathogenic","97","N","D"
"650","Q13586","N97E",0.8947,"pathogenic","97","N","E"
"651","Q13586","N97F",0.9631,"pathogenic","97","N","F"
"652","Q13586","N97G",0.6513,"pathogenic","97","N","G"
"653","Q13586","N97H",0.2644,"benign","97","N","H"
"654","Q13586","N97I",0.9129,"pathogenic","97","N","I"
"655","Q13586","N97K",0.6403,"pathogenic","97","N","K"
"656","Q13586","N97L",0.7541,"pathogenic","97","N","L"
"657","Q13586","N97M",0.8432,"pathogenic","97","N","M"
"658","Q13586","N97P",0.9765,"pathogenic","97","N","P"
"659","Q13586","N97Q",0.6123,"pathogenic","97","N","Q"
"660","Q13586","N97R",0.7167,"pathogenic","97","N","R"
"661","Q13586","N97S",0.2549,"benign","97","N","S"
"662","Q13586","N97T",0.7091,"pathogenic","97","N","T"
"663","Q13586","N97V",0.8864,"pathogenic","97","N","V"
"664","Q13586","N97W",0.9854,"pathogenic","97","N","W"
"665","Q13586","N97Y",0.7169,"pathogenic","97","N","Y"
"666","Q13586","Y98A",0.9304,"pathogenic","98","Y","A"
"667","Q13586","Y98C",0.8554,"pathogenic","98","Y","C"
"668","Q13586","Y98D",0.807,"pathogenic","98","Y","D"
"669","Q13586","Y98E",0.977,"pathogenic","98","Y","E"
"670","Q13586","Y98F",0.4246,"ambiguous","98","Y","F"
"671","Q13586","Y98G",0.8989,"pathogenic","98","Y","G"
"672","Q13586","Y98H",0.9231,"pathogenic","98","Y","H"
"673","Q13586","Y98I",0.8922,"pathogenic","98","Y","I"
"674","Q13586","Y98K",0.9827,"pathogenic","98","Y","K"
"675","Q13586","Y98L",0.8163,"pathogenic","98","Y","L"
"676","Q13586","Y98M",0.9366,"pathogenic","98","Y","M"
"677","Q13586","Y98N",0.7757,"pathogenic","98","Y","N"
"678","Q13586","Y98P",0.9834,"pathogenic","98","Y","P"
"679","Q13586","Y98Q",0.9737,"pathogenic","98","Y","Q"
"680","Q13586","Y98R",0.9562,"pathogenic","98","Y","R"
"681","Q13586","Y98S",0.7329,"pathogenic","98","Y","S"
"682","Q13586","Y98T",0.9041,"pathogenic","98","Y","T"
"683","Q13586","Y98V",0.7833,"pathogenic","98","Y","V"
"684","Q13586","Y98W",0.9225,"pathogenic","98","Y","W"
